"year","state","state_fips","RECategory","population","GEOID"
2020,"AK","02","American Indian/Alaska Native",17200,"02"
2020,"AK","02","Asian or Pacific Islander",7663,"02"
2020,"AK","02","Black",4272,"02"
2020,"AK","02","Hispanic",6564,"02"
2020,"AK","02","White",44037,"02"
2020,"AL","01","American Indian/Alaska Native",2776,"01"
2020,"AL","01","Asian or Pacific Islander",8961,"01"
2020,"AL","01","Black",155635,"01"
2020,"AL","01","Hispanic",46390,"01"
2020,"AL","01","White",311871,"01"
2020,"AR","05","American Indian/Alaska Native",2723,"05"
2020,"AR","05","Asian or Pacific Islander",7896,"05"
2020,"AR","05","Black",61259,"05"
2020,"AR","05","Hispanic",44548,"05"
2020,"AR","05","White",212969,"05"
2020,"AZ","04","American Indian/Alaska Native",39040,"04"
2020,"AZ","04","Asian or Pacific Islander",28105,"04"
2020,"AZ","04","Black",47901,"04"
2020,"AZ","04","Hispanic",324547,"04"
2020,"AZ","04","White",318117,"04"
2020,"CA","06","American Indian/Alaska Native",20234,"06"
2020,"CA","06","Asian or Pacific Islander",559021,"06"
2020,"CA","06","Black",253428,"06"
2020,"CA","06","Hispanic",2178429,"06"
2020,"CA","06","White",1138539,"06"
2020,"CO","08","American Indian/Alaska Native",4094,"08"
2020,"CO","08","Asian or Pacific Islander",23325,"08"
2020,"CO","08","Black",33104,"08"
2020,"CO","08","Hispanic",189532,"08"
2020,"CO","08","White",345912,"08"
2020,"CT","09","American Indian/Alaska Native",886,"09"
2020,"CT","09","Asian or Pacific Islander",19574,"09"
2020,"CT","09","Black",43774,"09"
2020,"CT","09","Hispanic",89264,"09"
2020,"CT","09","White",209152,"09"
2020,"DC","11","American Indian/Alaska Native",96,"11"
2020,"DC","11","Asian or Pacific Islander",1142,"11"
2020,"DC","11","Black",28432,"11"
2020,"DC","11","Hispanic",7478,"11"
2020,"DC","11","White",8867,"11"
2020,"DE","10","American Indian/Alaska Native",308,"10"
2020,"DE","10","Asian or Pacific Islander",3959,"10"
2020,"DE","10","Black",27550,"10"
2020,"DE","10","Hispanic",16948,"10"
2020,"DE","10","White",48995,"10"
2020,"FL","12","American Indian/Alaska Native",5339,"12"
2020,"FL","12","Asian or Pacific Islander",66960,"12"
2020,"FL","12","Black",415919,"12"
2020,"FL","12","Hispanic",630024,"12"
2020,"FL","12","White",871183,"12"
2020,"GA","13","American Indian/Alaska Native",2725,"13"
2020,"GA","13","Asian or Pacific Islander",54186,"13"
2020,"GA","13","Black",425984,"13"
2020,"GA","13","Hispanic",186689,"13"
2020,"GA","13","White",541601,"13"
2020,"HI","15","American Indian/Alaska Native",239,"15"
2020,"HI","15","Asian or Pacific Islander",97356,"15"
2020,"HI","15","Black",3869,"15"
2020,"HI","15","Hispanic",17297,"15"
2020,"HI","15","White",13646,"15"
2020,"IA","19","American Indian/Alaska Native",1297,"19"
2020,"IA","19","Asian or Pacific Islander",10409,"19"
2020,"IA","19","Black",23292,"19"
2020,"IA","19","Hispanic",37707,"19"
2020,"IA","19","White",273577,"19"
2020,"ID","16","American Indian/Alaska Native",2663,"16"
2020,"ID","16","Asian or Pacific Islander",3654,"16"
2020,"ID","16","Black",3186,"16"
2020,"ID","16","Hispanic",40347,"16"
2020,"ID","16","White",169805,"16"
2020,"IL","17","American Indian/Alaska Native",2667,"17"
2020,"IL","17","Asian or Pacific Islander",76274,"17"
2020,"IL","17","Black",217465,"17"
2020,"IL","17","Hispanic",358846,"17"
2020,"IL","17","White",702079,"17"
2020,"IN","18","American Indian/Alaska Native",1725,"18"
2020,"IN","18","Asian or Pacific Islander",20880,"18"
2020,"IN","18","Black",96591,"18"
2020,"IN","18","Hispanic",97241,"18"
2020,"IN","18","White",532122,"18"
2020,"KS","20","American Indian/Alaska Native",3177,"20"
2020,"KS","20","Asian or Pacific Islander",10949,"20"
2020,"KS","20","Black",26864,"20"
2020,"KS","20","Hispanic",65880,"20"
2020,"KS","20","White",225661,"20"
2020,"KY","21","American Indian/Alaska Native",720,"21"
2020,"KY","21","Asian or Pacific Islander",9824,"21"
2020,"KY","21","Black",51623,"21"
2020,"KY","21","Hispanic",34547,"21"
2020,"KY","21","White",377149,"21"
2020,"LA","22","American Indian/Alaska Native",3610,"22"
2020,"LA","22","Asian or Pacific Islander",9575,"22"
2020,"LA","22","Black",188576,"22"
2020,"LA","22","Hispanic",40849,"22"
2020,"LA","22","White",260018,"22"
2020,"MA","25","American Indian/Alaska Native",1560,"25"
2020,"MA","25","Asian or Pacific Islander",50466,"25"
2020,"MA","25","Black",64289,"25"
2020,"MA","25","Hispanic",119913,"25"
2020,"MA","25","White",420712,"25"
2020,"MD","24","American Indian/Alaska Native",1813,"24"
2020,"MD","24","Asian or Pacific Islander",45979,"24"
2020,"MD","24","Black",210036,"24"
2020,"MD","24","Hispanic",104932,"24"
2020,"MD","24","White",277321,"24"
2020,"ME","23","American Indian/Alaska Native",1150,"23"
2020,"ME","23","Asian or Pacific Islander",2202,"23"
2020,"ME","23","Black",4637,"23"
2020,"ME","23","Hispanic",3944,"23"
2020,"ME","23","White",110402,"23"
2020,"MI","26","American Indian/Alaska Native",7939,"26"
2020,"MI","26","Asian or Pacific Islander",40094,"26"
2020,"MI","26","Black",177189,"26"
2020,"MI","26","Hispanic",92469,"26"
2020,"MI","26","White",710004,"26"
2020,"MN","27","American Indian/Alaska Native",9642,"27"
2020,"MN","27","Asian or Pacific Islander",40920,"27"
2020,"MN","27","Black",71302,"27"
2020,"MN","27","Hispanic",60517,"27"
2020,"MN","27","White",434605,"27"
2020,"MO","29","American Indian/Alaska Native",3337,"29"
2020,"MO","29","Asian or Pacific Islander",17001,"29"
2020,"MO","29","Black",96601,"29"
2020,"MO","29","Hispanic",49206,"29"
2020,"MO","29","White",481161,"29"
2020,"MS","28","American Indian/Alaska Native",2153,"28"
2020,"MS","28","Asian or Pacific Islander",3893,"28"
2020,"MS","28","Black",142713,"28"
2020,"MS","28","Hispanic",16609,"28"
2020,"MS","28","White",167163,"28"
2020,"MT","30","American Indian/Alaska Native",11230,"30"
2020,"MT","30","Asian or Pacific Islander",1273,"30"
2020,"MT","30","Black",1550,"30"
2020,"MT","30","Hispanic",6430,"30"
2020,"MT","30","White",88459,"30"
2020,"NC","37","American Indian/Alaska Native",12842,"37"
2020,"NC","37","Asian or Pacific Islander",40348,"37"
2020,"NC","37","Black",262787,"37"
2020,"NC","37","Hispanic",191349,"37"
2020,"NC","37","White",586496,"37"
2020,"ND","38","American Indian/Alaska Native",6494,"38"
2020,"ND","38","Asian or Pacific Islander",1316,"38"
2020,"ND","38","Black",3712,"38"
2020,"ND","38","Hispanic",4768,"38"
2020,"ND","38","White",63887,"38"
2020,"NE","31","American Indian/Alaska Native",2596,"31"
2020,"NE","31","Asian or Pacific Islander",6558,"31"
2020,"NE","31","Black",16720,"31"
2020,"NE","31","Hispanic",40018,"31"
2020,"NE","31","White",157474,"31"
2020,"NH","33","American Indian/Alaska Native",327,"33"
2020,"NH","33","Asian or Pacific Islander",4810,"33"
2020,"NH","33","Black",3452,"33"
2020,"NH","33","Hispanic",8790,"33"
2020,"NH","33","White",109445,"33"
2020,"NJ","34","American Indian/Alaska Native",2208,"34"
2020,"NJ","34","Asian or Pacific Islander",98797,"34"
2020,"NJ","34","Black",137154,"34"
2020,"NJ","34","Hispanic",257932,"34"
2020,"NJ","34","White",464310,"34"
2020,"NM","35","American Indian/Alaska Native",26086,"35"
2020,"NM","35","Asian or Pacific Islander",3501,"35"
2020,"NM","35","Black",5856,"35"
2020,"NM","35","Hispanic",134391,"35"
2020,"NM","35","White",59212,"35"
2020,"NV","32","American Indian/Alaska Native",3043,"32"
2020,"NV","32","Asian or Pacific Islander",26702,"32"
2020,"NV","32","Black",39746,"32"
2020,"NV","32","Hispanic",132316,"32"
2020,"NV","32","White",122726,"32"
2020,"NY","36","American Indian/Alaska Native",8210,"36"
2020,"NY","36","Asian or Pacific Islander",160894,"36"
2020,"NY","36","Black",312457,"36"
2020,"NY","36","Hispanic",462373,"36"
2020,"NY","36","White",958617,"36"
2020,"OH","39","American Indian/Alaska Native",2780,"39"
2020,"OH","39","Asian or Pacific Islander",34531,"39"
2020,"OH","39","Black",208601,"39"
2020,"OH","39","Hispanic",83152,"39"
2020,"OH","39","White",897361,"39"
2020,"OK","40","American Indian/Alaska Native",51008,"40"
2020,"OK","40","Asian or Pacific Islander",11873,"40"
2020,"OK","40","Black",45380,"40"
2020,"OK","40","Hispanic",80093,"40"
2020,"OK","40","White",255712,"40"
2020,"OR","41","American Indian/Alaska Native",5851,"41"
2020,"OR","41","Asian or Pacific Islander",23195,"41"
2020,"OR","41","Black",14811,"41"
2020,"OR","41","Hispanic",94744,"41"
2020,"OR","41","White",272653,"41"
2020,"PA","42","American Indian/Alaska Native",2280,"42"
2020,"PA","42","Asian or Pacific Islander",54162,"42"
2020,"PA","42","Black",181978,"42"
2020,"PA","42","Hispanic",157036,"42"
2020,"PA","42","White",871575,"42"
2020,"RI","44","American Indian/Alaska Native",648,"44"
2020,"RI","44","Asian or Pacific Islander",3858,"44"
2020,"RI","44","Black",9377,"44"
2020,"RI","44","Hispanic",24518,"44"
2020,"RI","44","White",61246,"44"
2020,"SC","45","American Indian/Alaska Native",2003,"45"
2020,"SC","45","Asian or Pacific Islander",10916,"45"
2020,"SC","45","Black",164008,"45"
2020,"SC","45","Hispanic",56808,"45"
2020,"SC","45","White",294271,"45"
2020,"SD","46","American Indian/Alaska Native",12584,"46"
2020,"SD","46","Asian or Pacific Islander",1789,"46"
2020,"SD","46","Black",3926,"46"
2020,"SD","46","Hispanic",6086,"46"
2020,"SD","46","White",74381,"46"
2020,"TN","47","American Indian/Alaska Native",1713,"47"
2020,"TN","47","Asian or Pacific Islander",15941,"47"
2020,"TN","47","Black",142647,"47"
2020,"TN","47","Hispanic",81960,"47"
2020,"TN","47","White",479915,"47"
2020,"TX","48","American Indian/Alaska Native",10528,"48"
2020,"TX","48","Asian or Pacific Islander",173343,"48"
2020,"TX","48","Black",448982,"48"
2020,"TX","48","Hispanic",1686994,"48"
2020,"TX","48","White",1142920,"48"
2020,"UT","49","American Indian/Alaska Native",4201,"49"
2020,"UT","49","Asian or Pacific Islander",15102,"49"
2020,"UT","49","Black",8369,"49"
2020,"UT","49","Hispanic",81549,"49"
2020,"UT","49","White",337499,"49"
2020,"VA","51","American Indian/Alaska Native",2271,"51"
2020,"VA","51","Asian or Pacific Islander",69675,"51"
2020,"VA","51","Black",191641,"51"
2020,"VA","51","Hispanic",129333,"51"
2020,"VA","51","White",487798,"51"
2020,"VT","50","American Indian/Alaska Native",252,"50"
2020,"VT","50","Asian or Pacific Islander",1547,"50"
2020,"VT","50","Black",1567,"50"
2020,"VT","50","Hispanic",1853,"50"
2020,"VT","50","White",52177,"50"
2020,"WA","53","American Indian/Alaska Native",13090,"53"
2020,"WA","53","Asian or Pacific Islander",80200,"53"
2020,"WA","53","Black",48965,"53"
2020,"WA","53","Hispanic",173360,"53"
2020,"WA","53","White",458303,"53"
2020,"WI","55","American Indian/Alaska Native",7504,"55"
2020,"WI","55","Asian or Pacific Islander",24651,"55"
2020,"WI","55","Black",60311,"55"
2020,"WI","55","Hispanic",78711,"55"
2020,"WI","55","White",443314,"55"
2020,"WV","54","American Indian/Alaska Native",246,"54"
2020,"WV","54","Asian or Pacific Islander",1457,"54"
2020,"WV","54","Black",8612,"54"
2020,"WV","54","Hispanic",5052,"54"
2020,"WV","54","White",155821,"54"
2020,"WY","56","American Indian/Alaska Native",2026,"56"
2020,"WY","56","Asian or Pacific Islander",618,"56"
2020,"WY","56","Black",1073,"56"
2020,"WY","56","Hispanic",9002,"56"
2020,"WY","56","White",50991,"56"
2021,"AK","02","American Indian/Alaska Native",17553,"02"
2021,"AK","02","Asian or Pacific Islander",7527,"02"
2021,"AK","02","Black",4307,"02"
2021,"AK","02","Hispanic",6728,"02"
2021,"AK","02","White",43712,"02"
2021,"AL","01","American Indian/Alaska Native",2651,"01"
2021,"AL","01","Asian or Pacific Islander",8886,"01"
2021,"AL","01","Black",155436,"01"
2021,"AL","01","Hispanic",47831,"01"
2021,"AL","01","White",310435,"01"
2021,"AR","05","American Indian/Alaska Native",2736,"05"
2021,"AR","05","Asian or Pacific Islander",7986,"05"
2021,"AR","05","Black",61081,"05"
2021,"AR","05","Hispanic",45136,"05"
2021,"AR","05","White",212525,"05"
2021,"AZ","04","American Indian/Alaska Native",39201,"04"
2021,"AZ","04","Asian or Pacific Islander",28437,"04"
2021,"AZ","04","Black",49461,"04"
2021,"AZ","04","Hispanic",325591,"04"
2021,"AZ","04","White",316879,"04"
2021,"CA","06","American Indian/Alaska Native",19961,"06"
2021,"CA","06","Asian or Pacific Islander",556750,"06"
2021,"CA","06","Black",252261,"06"
2021,"CA","06","Hispanic",2170657,"06"
2021,"CA","06","White",1110615,"06"
2021,"CO","08","American Indian/Alaska Native",4052,"08"
2021,"CO","08","Asian or Pacific Islander",23089,"08"
2021,"CO","08","Black",33210,"08"
2021,"CO","08","Hispanic",188643,"08"
2021,"CO","08","White",340962,"08"
2021,"CT","09","American Indian/Alaska Native",949,"09"
2021,"CT","09","Asian or Pacific Islander",19438,"09"
2021,"CT","09","Black",43997,"09"
2021,"CT","09","Hispanic",90455,"09"
2021,"CT","09","White",202560,"09"
2021,"DC","11","American Indian/Alaska Native",102,"11"
2021,"DC","11","Asian or Pacific Islander",1170,"11"
2021,"DC","11","Black",28895,"11"
2021,"DC","11","Hispanic",7832,"11"
2021,"DC","11","White",9212,"11"
2021,"DE","10","American Indian/Alaska Native",299,"10"
2021,"DE","10","Asian or Pacific Islander",4065,"10"
2021,"DE","10","Black",27964,"10"
2021,"DE","10","Hispanic",17252,"10"
2021,"DE","10","White",48663,"10"
2021,"FL","12","American Indian/Alaska Native",5318,"12"
2021,"FL","12","Asian or Pacific Islander",67749,"12"
2021,"FL","12","Black",418868,"12"
2021,"FL","12","Hispanic",634692,"12"
2021,"FL","12","White",873881,"12"
2021,"GA","13","American Indian/Alaska Native",2741,"13"
2021,"GA","13","Asian or Pacific Islander",55020,"13"
2021,"GA","13","Black",427648,"13"
2021,"GA","13","Hispanic",189480,"13"
2021,"GA","13","White",535114,"13"
2021,"HI","15","American Indian/Alaska Native",232,"15"
2021,"HI","15","Asian or Pacific Islander",96040,"15"
2021,"HI","15","Black",3817,"15"
2021,"HI","15","Hispanic",18429,"15"
2021,"HI","15","White",13446,"15"
2021,"IA","19","American Indian/Alaska Native",1346,"19"
2021,"IA","19","Asian or Pacific Islander",10435,"19"
2021,"IA","19","Black",23765,"19"
2021,"IA","19","Hispanic",38204,"19"
2021,"IA","19","White",271042,"19"
2021,"ID","16","American Indian/Alaska Native",2695,"16"
2021,"ID","16","Asian or Pacific Islander",3728,"16"
2021,"ID","16","Black",3317,"16"
2021,"ID","16","Hispanic",41428,"16"
2021,"ID","16","White",172370,"16"
2021,"IL","17","American Indian/Alaska Native",2646,"17"
2021,"IL","17","Asian or Pacific Islander",76462,"17"
2021,"IL","17","Black",214721,"17"
2021,"IL","17","Hispanic",354176,"17"
2021,"IL","17","White",688459,"17"
2021,"IN","18","American Indian/Alaska Native",1730,"18"
2021,"IN","18","Asian or Pacific Islander",21596,"18"
2021,"IN","18","Black",97440,"18"
2021,"IN","18","Hispanic",98106,"18"
2021,"IN","18","White",527304,"18"
2021,"KS","20","American Indian/Alaska Native",3101,"20"
2021,"KS","20","Asian or Pacific Islander",10879,"20"
2021,"KS","20","Black",26862,"20"
2021,"KS","20","Hispanic",66091,"20"
2021,"KS","20","White",223863,"20"
2021,"KY","21","American Indian/Alaska Native",743,"21"
2021,"KY","21","Asian or Pacific Islander",9925,"21"
2021,"KY","21","Black",51917,"21"
2021,"KY","21","Hispanic",35463,"21"
2021,"KY","21","White",374962,"21"
2021,"LA","22","American Indian/Alaska Native",3492,"22"
2021,"LA","22","Asian or Pacific Islander",9601,"22"
2021,"LA","22","Black",186700,"22"
2021,"LA","22","Hispanic",42003,"22"
2021,"LA","22","White",257183,"22"
2021,"MA","25","American Indian/Alaska Native",1531,"25"
2021,"MA","25","Asian or Pacific Islander",50518,"25"
2021,"MA","25","Black",64370,"25"
2021,"MA","25","Hispanic",119997,"25"
2021,"MA","25","White",410597,"25"
2021,"MD","24","American Indian/Alaska Native",1757,"24"
2021,"MD","24","Asian or Pacific Islander",46344,"24"
2021,"MD","24","Black",209591,"24"
2021,"MD","24","Hispanic",107277,"24"
2021,"MD","24","White",272648,"24"
2021,"ME","23","American Indian/Alaska Native",1125,"23"
2021,"ME","23","Asian or Pacific Islander",2150,"23"
2021,"ME","23","Black",4759,"23"
2021,"ME","23","Hispanic",4089,"23"
2021,"ME","23","White",109221,"23"
2021,"MI","26","American Indian/Alaska Native",7859,"26"
2021,"MI","26","Asian or Pacific Islander",39659,"26"
2021,"MI","26","Black",177588,"26"
2021,"MI","26","Hispanic",93131,"26"
2021,"MI","26","White",698469,"26"
2021,"MN","27","American Indian/Alaska Native",9770,"27"
2021,"MN","27","Asian or Pacific Islander",41227,"27"
2021,"MN","27","Black",72735,"27"
2021,"MN","27","Hispanic",61157,"27"
2021,"MN","27","White",429542,"27"
2021,"MO","29","American Indian/Alaska Native",3361,"29"
2021,"MO","29","Asian or Pacific Islander",17044,"29"
2021,"MO","29","Black",96584,"29"
2021,"MO","29","Hispanic",50048,"29"
2021,"MO","29","White",479292,"29"
2021,"MS","28","American Indian/Alaska Native",2117,"28"
2021,"MS","28","Asian or Pacific Islander",3932,"28"
2021,"MS","28","Black",141246,"28"
2021,"MS","28","Hispanic",16916,"28"
2021,"MS","28","White",165685,"28"
2021,"MT","30","American Indian/Alaska Native",11272,"30"
2021,"MT","30","Asian or Pacific Islander",1364,"30"
2021,"MT","30","Black",1599,"30"
2021,"MT","30","Hispanic",6712,"30"
2021,"MT","30","White",89533,"30"
2021,"NC","37","American Indian/Alaska Native",12724,"37"
2021,"NC","37","Asian or Pacific Islander",41350,"37"
2021,"NC","37","Black",263236,"37"
2021,"NC","37","Hispanic",194738,"37"
2021,"NC","37","White",580425,"37"
2021,"ND","38","American Indian/Alaska Native",6537,"38"
2021,"ND","38","Asian or Pacific Islander",1311,"38"
2021,"ND","38","Black",3824,"38"
2021,"ND","38","Hispanic",4913,"38"
2021,"ND","38","White",63976,"38"
2021,"NE","31","American Indian/Alaska Native",2584,"31"
2021,"NE","31","Asian or Pacific Islander",6615,"31"
2021,"NE","31","Black",16862,"31"
2021,"NE","31","Hispanic",40409,"31"
2021,"NE","31","White",156388,"31"
2021,"NH","33","American Indian/Alaska Native",320,"33"
2021,"NH","33","Asian or Pacific Islander",4841,"33"
2021,"NH","33","Black",3511,"33"
2021,"NH","33","Hispanic",8927,"33"
2021,"NH","33","White",107629,"33"
2021,"NJ","34","American Indian/Alaska Native",2222,"34"
2021,"NJ","34","Asian or Pacific Islander",99428,"34"
2021,"NJ","34","Black",136714,"34"
2021,"NJ","34","Hispanic",261188,"34"
2021,"NJ","34","White",453044,"34"
2021,"NM","35","American Indian/Alaska Native",25769,"35"
2021,"NM","35","Asian or Pacific Islander",3472,"35"
2021,"NM","35","Black",5895,"35"
2021,"NM","35","Hispanic",133772,"35"
2021,"NM","35","White",57760,"35"
2021,"NV","32","American Indian/Alaska Native",3054,"32"
2021,"NV","32","Asian or Pacific Islander",26750,"32"
2021,"NV","32","Black",41004,"32"
2021,"NV","32","Hispanic",133243,"32"
2021,"NV","32","White",121756,"32"
2021,"NY","36","American Indian/Alaska Native",8093,"36"
2021,"NY","36","Asian or Pacific Islander",161022,"36"
2021,"NY","36","Black",306367,"36"
2021,"NY","36","Hispanic",459505,"36"
2021,"NY","36","White",939105,"36"
2021,"OH","39","American Indian/Alaska Native",2773,"39"
2021,"OH","39","Asian or Pacific Islander",35062,"39"
2021,"OH","39","Black",210089,"39"
2021,"OH","39","Hispanic",84702,"39"
2021,"OH","39","White",884175,"39"
2021,"OK","40","American Indian/Alaska Native",50934,"40"
2021,"OK","40","Asian or Pacific Islander",12242,"40"
2021,"OK","40","Black",45927,"40"
2021,"OK","40","Hispanic",82158,"40"
2021,"OK","40","White",255176,"40"
2021,"OR","41","American Indian/Alaska Native",5834,"41"
2021,"OR","41","Asian or Pacific Islander",23027,"41"
2021,"OR","41","Black",14916,"41"
2021,"OR","41","Hispanic",95125,"41"
2021,"OR","41","White",270259,"41"
2021,"PA","42","American Indian/Alaska Native",2280,"42"
2021,"PA","42","Asian or Pacific Islander",54735,"42"
2021,"PA","42","Black",182317,"42"
2021,"PA","42","Hispanic",160842,"42"
2021,"PA","42","White",857587,"42"
2021,"RI","44","American Indian/Alaska Native",626,"44"
2021,"RI","44","Asian or Pacific Islander",3810,"44"
2021,"RI","44","Black",9289,"44"
2021,"RI","44","Hispanic",24803,"44"
2021,"RI","44","White",59391,"44"
2021,"SC","45","American Indian/Alaska Native",1968,"45"
2021,"SC","45","Asian or Pacific Islander",11101,"45"
2021,"SC","45","Black",164252,"45"
2021,"SC","45","Hispanic",58457,"45"
2021,"SC","45","White",295306,"45"
2021,"SD","46","American Indian/Alaska Native",12574,"46"
2021,"SD","46","Asian or Pacific Islander",1750,"46"
2021,"SD","46","Black",4225,"46"
2021,"SD","46","Hispanic",6478,"46"
2021,"SD","46","White",74750,"46"
2021,"TN","47","American Indian/Alaska Native",1682,"47"
2021,"TN","47","Asian or Pacific Islander",16066,"47"
2021,"TN","47","Black",142505,"47"
2021,"TN","47","Hispanic",84191,"47"
2021,"TN","47","White",477749,"47"
2021,"TX","48","American Indian/Alaska Native",10546,"48"
2021,"TX","48","Asian or Pacific Islander",176687,"48"
2021,"TX","48","Black",454506,"48"
2021,"TX","48","Hispanic",1692285,"48"
2021,"TX","48","White",1140872,"48"
2021,"UT","49","American Indian/Alaska Native",4229,"49"
2021,"UT","49","Asian or Pacific Islander",15145,"49"
2021,"UT","49","Black",8530,"49"
2021,"UT","49","Hispanic",82642,"49"
2021,"UT","49","White",338530,"49"
2021,"VA","51","American Indian/Alaska Native",2274,"51"
2021,"VA","51","Asian or Pacific Islander",70158,"51"
2021,"VA","51","Black",191140,"51"
2021,"VA","51","Hispanic",131240,"51"
2021,"VA","51","White",482880,"51"
2021,"VT","50","American Indian/Alaska Native",258,"50"
2021,"VT","50","Asian or Pacific Islander",1510,"50"
2021,"VT","50","Black",1568,"50"
2021,"VT","50","Hispanic",1916,"50"
2021,"VT","50","White",51561,"50"
2021,"WA","53","American Indian/Alaska Native",12874,"53"
2021,"WA","53","Asian or Pacific Islander",80392,"53"
2021,"WA","53","Black",49790,"53"
2021,"WA","53","Hispanic",176081,"53"
2021,"WA","53","White",453667,"53"
2021,"WI","55","American Indian/Alaska Native",7445,"55"
2021,"WI","55","Asian or Pacific Islander",24846,"55"
2021,"WI","55","Black",60297,"55"
2021,"WI","55","Hispanic",79380,"55"
2021,"WI","55","White",436544,"55"
2021,"WV","54","American Indian/Alaska Native",261,"54"
2021,"WV","54","Asian or Pacific Islander",1507,"54"
2021,"WV","54","Black",8667,"54"
2021,"WV","54","Hispanic",5226,"54"
2021,"WV","54","White",154603,"54"
2021,"WY","56","American Indian/Alaska Native",2015,"56"
2021,"WY","56","Asian or Pacific Islander",592,"56"
2021,"WY","56","Black",1096,"56"
2021,"WY","56","Hispanic",9197,"56"
2021,"WY","56","White",50888,"56"
2022,"AK","02","American Indian/Alaska Native",17672,"02"
2022,"AK","02","Asian or Pacific Islander",7340,"02"
2022,"AK","02","Black",4280,"02"
2022,"AK","02","Hispanic",6977,"02"
2022,"AK","02","White",43572,"02"
2022,"AL","01","American Indian/Alaska Native",2558,"01"
2022,"AL","01","Asian or Pacific Islander",8898,"01"
2022,"AL","01","Black",155388,"01"
2022,"AL","01","Hispanic",49064,"01"
2022,"AL","01","White",308974,"01"
2022,"AR","05","American Indian/Alaska Native",2737,"05"
2022,"AR","05","Asian or Pacific Islander",8139,"05"
2022,"AR","05","Black",60919,"05"
2022,"AR","05","Hispanic",45527,"05"
2022,"AR","05","White",212564,"05"
2022,"AZ","04","American Indian/Alaska Native",39003,"04"
2022,"AZ","04","Asian or Pacific Islander",29183,"04"
2022,"AZ","04","Black",51050,"04"
2022,"AZ","04","Hispanic",325107,"04"
2022,"AZ","04","White",313848,"04"
2022,"CA","06","American Indian/Alaska Native",19719,"06"
2022,"CA","06","Asian or Pacific Islander",559169,"06"
2022,"CA","06","Black",249910,"06"
2022,"CA","06","Hispanic",2152342,"06"
2022,"CA","06","White",1078766,"06"
2022,"CO","08","American Indian/Alaska Native",4037,"08"
2022,"CO","08","Asian or Pacific Islander",22975,"08"
2022,"CO","08","Black",33237,"08"
2022,"CO","08","Hispanic",186365,"08"
2022,"CO","08","White",334198,"08"
2022,"CT","09","American Indian/Alaska Native",1043,"09"
2022,"CT","09","Asian or Pacific Islander",19513,"09"
2022,"CT","09","Black",44077,"09"
2022,"CT","09","Hispanic",91469,"09"
2022,"CT","09","White",195895,"09"
2022,"DC","11","American Indian/Alaska Native",112,"11"
2022,"DC","11","Asian or Pacific Islander",1266,"11"
2022,"DC","11","Black",29273,"11"
2022,"DC","11","Hispanic",8331,"11"
2022,"DC","11","White",9645,"11"
2022,"DE","10","American Indian/Alaska Native",300,"10"
2022,"DE","10","Asian or Pacific Islander",4230,"10"
2022,"DE","10","Black",28619,"10"
2022,"DE","10","Hispanic",17522,"10"
2022,"DE","10","White",48252,"10"
2022,"FL","12","American Indian/Alaska Native",5224,"12"
2022,"FL","12","Asian or Pacific Islander",69534,"12"
2022,"FL","12","Black",423008,"12"
2022,"FL","12","Hispanic",645810,"12"
2022,"FL","12","White",882377,"12"
2022,"GA","13","American Indian/Alaska Native",2805,"13"
2022,"GA","13","Asian or Pacific Islander",56890,"13"
2022,"GA","13","Black",430724,"13"
2022,"GA","13","Hispanic",191905,"13"
2022,"GA","13","White",528006,"13"
2022,"HI","15","American Indian/Alaska Native",234,"15"
2022,"HI","15","Asian or Pacific Islander",94588,"15"
2022,"HI","15","Black",3779,"15"
2022,"HI","15","Hispanic",19594,"15"
2022,"HI","15","White",13189,"15"
2022,"IA","19","American Indian/Alaska Native",1325,"19"
2022,"IA","19","Asian or Pacific Islander",10723,"19"
2022,"IA","19","Black",24207,"19"
2022,"IA","19","Hispanic",38627,"19"
2022,"IA","19","White",267970,"19"
2022,"ID","16","American Indian/Alaska Native",2705,"16"
2022,"ID","16","Asian or Pacific Islander",3791,"16"
2022,"ID","16","Black",3370,"16"
2022,"ID","16","Hispanic",42004,"16"
2022,"ID","16","White",172979,"16"
2022,"IL","17","American Indian/Alaska Native",2631,"17"
2022,"IL","17","Asian or Pacific Islander",76767,"17"
2022,"IL","17","Black",211369,"17"
2022,"IL","17","Hispanic",347258,"17"
2022,"IL","17","White",672724,"17"
2022,"IN","18","American Indian/Alaska Native",1737,"18"
2022,"IN","18","Asian or Pacific Islander",22624,"18"
2022,"IN","18","Black",98182,"18"
2022,"IN","18","Hispanic",98495,"18"
2022,"IN","18","White",522284,"18"
2022,"KS","20","American Indian/Alaska Native",3024,"20"
2022,"KS","20","Asian or Pacific Islander",10937,"20"
2022,"KS","20","Black",26848,"20"
2022,"KS","20","Hispanic",66107,"20"
2022,"KS","20","White",222341,"20"
2022,"KY","21","American Indian/Alaska Native",776,"21"
2022,"KY","21","Asian or Pacific Islander",10104,"21"
2022,"KY","21","Black",52173,"21"
2022,"KY","21","Hispanic",35985,"21"
2022,"KY","21","White",372788,"21"
2022,"LA","22","American Indian/Alaska Native",3384,"22"
2022,"LA","22","Asian or Pacific Islander",9618,"22"
2022,"LA","22","Black",183616,"22"
2022,"LA","22","Hispanic",43500,"22"
2022,"LA","22","White",253376,"22"
2022,"MA","25","American Indian/Alaska Native",1522,"25"
2022,"MA","25","Asian or Pacific Islander",51304,"25"
2022,"MA","25","Black",64508,"25"
2022,"MA","25","Hispanic",120766,"25"
2022,"MA","25","White",399786,"25"
2022,"MD","24","American Indian/Alaska Native",1734,"24"
2022,"MD","24","Asian or Pacific Islander",46871,"24"
2022,"MD","24","Black",208451,"24"
2022,"MD","24","Hispanic",110576,"24"
2022,"MD","24","White",267335,"24"
2022,"ME","23","American Indian/Alaska Native",1114,"23"
2022,"ME","23","Asian or Pacific Islander",2086,"23"
2022,"ME","23","Black",4869,"23"
2022,"ME","23","Hispanic",4290,"23"
2022,"ME","23","White",107939,"23"
2022,"MI","26","American Indian/Alaska Native",7760,"26"
2022,"MI","26","Asian or Pacific Islander",39440,"26"
2022,"MI","26","Black",176837,"26"
2022,"MI","26","Hispanic",93461,"26"
2022,"MI","26","White",686808,"26"
2022,"MN","27","American Indian/Alaska Native",9804,"27"
2022,"MN","27","Asian or Pacific Islander",41715,"27"
2022,"MN","27","Black",74815,"27"
2022,"MN","27","Hispanic",61231,"27"
2022,"MN","27","White",423481,"27"
2022,"MO","29","American Indian/Alaska Native",3361,"29"
2022,"MO","29","Asian or Pacific Islander",17163,"29"
2022,"MO","29","Black",96069,"29"
2022,"MO","29","Hispanic",50900,"29"
2022,"MO","29","White",476845,"29"
2022,"MS","28","American Indian/Alaska Native",2074,"28"
2022,"MS","28","Asian or Pacific Islander",3947,"28"
2022,"MS","28","Black",139120,"28"
2022,"MS","28","Hispanic",17213,"28"
2022,"MS","28","White",164124,"28"
2022,"MT","30","American Indian/Alaska Native",11209,"30"
2022,"MT","30","Asian or Pacific Islander",1444,"30"
2022,"MT","30","Black",1617,"30"
2022,"MT","30","Hispanic",7124,"30"
2022,"MT","30","White",90336,"30"
2022,"NC","37","American Indian/Alaska Native",12578,"37"
2022,"NC","37","Asian or Pacific Islander",42945,"37"
2022,"NC","37","Black",263845,"37"
2022,"NC","37","Hispanic",198472,"37"
2022,"NC","37","White",574561,"37"
2022,"ND","38","American Indian/Alaska Native",6547,"38"
2022,"ND","38","Asian or Pacific Islander",1347,"38"
2022,"ND","38","Black",4008,"38"
2022,"ND","38","Hispanic",5089,"38"
2022,"ND","38","White",64095,"38"
2022,"NE","31","American Indian/Alaska Native",2584,"31"
2022,"NE","31","Asian or Pacific Islander",6764,"31"
2022,"NE","31","Black",17015,"31"
2022,"NE","31","Hispanic",41014,"31"
2022,"NE","31","White",154931,"31"
2022,"NH","33","American Indian/Alaska Native",312,"33"
2022,"NH","33","Asian or Pacific Islander",4918,"33"
2022,"NH","33","Black",3530,"33"
2022,"NH","33","Hispanic",9126,"33"
2022,"NH","33","White",105562,"33"
2022,"NJ","34","American Indian/Alaska Native",2218,"34"
2022,"NJ","34","Asian or Pacific Islander",99709,"34"
2022,"NJ","34","Black",136509,"34"
2022,"NJ","34","Hispanic",264641,"34"
2022,"NJ","34","White",440924,"34"
2022,"NM","35","American Indian/Alaska Native",25392,"35"
2022,"NM","35","Asian or Pacific Islander",3609,"35"
2022,"NM","35","Black",5850,"35"
2022,"NM","35","Hispanic",132663,"35"
2022,"NM","35","White",56542,"35"
2022,"NV","32","American Indian/Alaska Native",3043,"32"
2022,"NV","32","Asian or Pacific Islander",27424,"32"
2022,"NV","32","Black",42589,"32"
2022,"NV","32","Hispanic",133465,"32"
2022,"NV","32","White",119984,"32"
2022,"NY","36","American Indian/Alaska Native",7906,"36"
2022,"NY","36","Asian or Pacific Islander",162803,"36"
2022,"NY","36","Black",299631,"36"
2022,"NY","36","Hispanic",456908,"36"
2022,"NY","36","White",917793,"36"
2022,"OH","39","American Indian/Alaska Native",2800,"39"
2022,"OH","39","Asian or Pacific Islander",36019,"39"
2022,"OH","39","Black",211357,"39"
2022,"OH","39","Hispanic",86062,"39"
2022,"OH","39","White",871083,"39"
2022,"OK","40","American Indian/Alaska Native",50802,"40"
2022,"OK","40","Asian or Pacific Islander",12995,"40"
2022,"OK","40","Black",46215,"40"
2022,"OK","40","Hispanic",84197,"40"
2022,"OK","40","White",254932,"40"
2022,"OR","41","American Indian/Alaska Native",5748,"41"
2022,"OR","41","Asian or Pacific Islander",23072,"41"
2022,"OR","41","Black",14993,"41"
2022,"OR","41","Hispanic",94813,"41"
2022,"OR","41","White",265228,"41"
2022,"PA","42","American Indian/Alaska Native",2287,"42"
2022,"PA","42","Asian or Pacific Islander",55817,"42"
2022,"PA","42","Black",181283,"42"
2022,"PA","42","Hispanic",164561,"42"
2022,"PA","42","White",841717,"42"
2022,"RI","44","American Indian/Alaska Native",616,"44"
2022,"RI","44","Asian or Pacific Islander",3791,"44"
2022,"RI","44","Black",9232,"44"
2022,"RI","44","Hispanic",25255,"44"
2022,"RI","44","White",57414,"44"
2022,"SC","45","American Indian/Alaska Native",1922,"45"
2022,"SC","45","Asian or Pacific Islander",11495,"45"
2022,"SC","45","Black",164305,"45"
2022,"SC","45","Hispanic",60216,"45"
2022,"SC","45","White",297579,"45"
2022,"SD","46","American Indian/Alaska Native",12466,"46"
2022,"SD","46","Asian or Pacific Islander",1840,"46"
2022,"SD","46","Black",4450,"46"
2022,"SD","46","Hispanic",6974,"46"
2022,"SD","46","White",75220,"46"
2022,"TN","47","American Indian/Alaska Native",1742,"47"
2022,"TN","47","Asian or Pacific Islander",16285,"47"
2022,"TN","47","Black",142035,"47"
2022,"TN","47","Hispanic",86772,"47"
2022,"TN","47","White",477820,"47"
2022,"TX","48","American Indian/Alaska Native",10581,"48"
2022,"TX","48","Asian or Pacific Islander",183725,"48"
2022,"TX","48","Black",462561,"48"
2022,"TX","48","Hispanic",1698126,"48"
2022,"TX","48","White",1141027,"48"
2022,"UT","49","American Indian/Alaska Native",4239,"49"
2022,"UT","49","Asian or Pacific Islander",15233,"49"
2022,"UT","49","Black",8566,"49"
2022,"UT","49","Hispanic",83724,"49"
2022,"UT","49","White",336140,"49"
2022,"VA","51","American Indian/Alaska Native",2244,"51"
2022,"VA","51","Asian or Pacific Islander",70882,"51"
2022,"VA","51","Black",190579,"51"
2022,"VA","51","Hispanic",133714,"51"
2022,"VA","51","White",477364,"51"
2022,"VT","50","American Indian/Alaska Native",247,"50"
2022,"VT","50","Asian or Pacific Islander",1476,"50"
2022,"VT","50","Black",1642,"50"
2022,"VT","50","Hispanic",1949,"50"
2022,"VT","50","White",50945,"50"
2022,"WA","53","American Indian/Alaska Native",12635,"53"
2022,"WA","53","Asian or Pacific Islander",81638,"53"
2022,"WA","53","Black",50682,"53"
2022,"WA","53","Hispanic",177763,"53"
2022,"WA","53","White",445637,"53"
2022,"WI","55","American Indian/Alaska Native",7399,"55"
2022,"WI","55","Asian or Pacific Islander",25226,"55"
2022,"WI","55","Black",59910,"55"
2022,"WI","55","Hispanic",79899,"55"
2022,"WI","55","White",429039,"55"
2022,"WV","54","American Indian/Alaska Native",266,"54"
2022,"WV","54","Asian or Pacific Islander",1527,"54"
2022,"WV","54","Black",8855,"54"
2022,"WV","54","Hispanic",5413,"54"
2022,"WV","54","White",153232,"54"
2022,"WY","56","American Indian/Alaska Native",1962,"56"
2022,"WY","56","Asian or Pacific Islander",602,"56"
2022,"WY","56","Black",1101,"56"
2022,"WY","56","Hispanic",9298,"56"
2022,"WY","56","White",50527,"56"
2023,"AK","02","American Indian/Alaska Native",17634,"02"
2023,"AK","02","Asian or Pacific Islander",7316,"02"
2023,"AK","02","Black",4277,"02"
2023,"AK","02","Hispanic",7208,"02"
2023,"AK","02","White",43433,"02"
2023,"AL","01","American Indian/Alaska Native",2441,"01"
2023,"AL","01","Asian or Pacific Islander",8990,"01"
2023,"AL","01","Black",155411,"01"
2023,"AL","01","Hispanic",49920,"01"
2023,"AL","01","White",308379,"01"
2023,"AR","05","American Indian/Alaska Native",2722,"05"
2023,"AR","05","Asian or Pacific Islander",8431,"05"
2023,"AR","05","Black",60773,"05"
2023,"AR","05","Hispanic",45697,"05"
2023,"AR","05","White",211409,"05"
2023,"AZ","04","American Indian/Alaska Native",38635,"04"
2023,"AZ","04","Asian or Pacific Islander",29986,"04"
2023,"AZ","04","Black",52089,"04"
2023,"AZ","04","Hispanic",323536,"04"
2023,"AZ","04","White",309258,"04"
2023,"CA","06","American Indian/Alaska Native",19391,"06"
2023,"CA","06","Asian or Pacific Islander",566821,"06"
2023,"CA","06","Black",247703,"06"
2023,"CA","06","Hispanic",2127934,"06"
2023,"CA","06","White",1051901,"06"
2023,"CO","08","American Indian/Alaska Native",4033,"08"
2023,"CO","08","Asian or Pacific Islander",23312,"08"
2023,"CO","08","Black",33523,"08"
2023,"CO","08","Hispanic",184052,"08"
2023,"CO","08","White",328393,"08"
2023,"CT","09","American Indian/Alaska Native",1096,"09"
2023,"CT","09","Asian or Pacific Islander",19537,"09"
2023,"CT","09","Black",44117,"09"
2023,"CT","09","Hispanic",91850,"09"
2023,"CT","09","White",190158,"09"
2023,"DC","11","American Indian/Alaska Native",119,"11"
2023,"DC","11","Asian or Pacific Islander",1388,"11"
2023,"DC","11","Black",29866,"11"
2023,"DC","11","Hispanic",9074,"11"
2023,"DC","11","White",10066,"11"
2023,"DE","10","American Indian/Alaska Native",308,"10"
2023,"DE","10","Asian or Pacific Islander",4378,"10"
2023,"DE","10","Black",29036,"10"
2023,"DE","10","Hispanic",17659,"10"
2023,"DE","10","White",47894,"10"
2023,"FL","12","American Indian/Alaska Native",5227,"12"
2023,"FL","12","Asian or Pacific Islander",71998,"12"
2023,"FL","12","Black",425592,"12"
2023,"FL","12","Hispanic",655240,"12"
2023,"FL","12","White",884774,"12"
2023,"GA","13","American Indian/Alaska Native",2808,"13"
2023,"GA","13","Asian or Pacific Islander",58977,"13"
2023,"GA","13","Black",430690,"13"
2023,"GA","13","Hispanic",192923,"13"
2023,"GA","13","White",521883,"13"
2023,"HI","15","American Indian/Alaska Native",259,"15"
2023,"HI","15","Asian or Pacific Islander",93813,"15"
2023,"HI","15","Black",3843,"15"
2023,"HI","15","Hispanic",20747,"15"
2023,"HI","15","White",13026,"15"
2023,"IA","19","American Indian/Alaska Native",1327,"19"
2023,"IA","19","Asian or Pacific Islander",10918,"19"
2023,"IA","19","Black",24752,"19"
2023,"IA","19","Hispanic",38973,"19"
2023,"IA","19","White",265722,"19"
2023,"ID","16","American Indian/Alaska Native",2630,"16"
2023,"ID","16","Asian or Pacific Islander",3979,"16"
2023,"ID","16","Black",3414,"16"
2023,"ID","16","Hispanic",42139,"16"
2023,"ID","16","White",172890,"16"
2023,"IL","17","American Indian/Alaska Native",2593,"17"
2023,"IL","17","Asian or Pacific Islander",77475,"17"
2023,"IL","17","Black",209362,"17"
2023,"IL","17","Hispanic",340363,"17"
2023,"IL","17","White",661120,"17"
2023,"IN","18","American Indian/Alaska Native",1716,"18"
2023,"IN","18","Asian or Pacific Islander",23825,"18"
2023,"IN","18","Black",99288,"18"
2023,"IN","18","Hispanic",98409,"18"
2023,"IN","18","White",518352,"18"
2023,"KS","20","American Indian/Alaska Native",2969,"20"
2023,"KS","20","Asian or Pacific Islander",10973,"20"
2023,"KS","20","Black",26952,"20"
2023,"KS","20","Hispanic",66045,"20"
2023,"KS","20","White",221217,"20"
2023,"KY","21","American Indian/Alaska Native",786,"21"
2023,"KY","21","Asian or Pacific Islander",10327,"21"
2023,"KY","21","Black",52231,"21"
2023,"KY","21","Hispanic",36783,"21"
2023,"KY","21","White",370819,"21"
2023,"LA","22","American Indian/Alaska Native",3289,"22"
2023,"LA","22","Asian or Pacific Islander",9814,"22"
2023,"LA","22","Black",180869,"22"
2023,"LA","22","Hispanic",44887,"22"
2023,"LA","22","White",250405,"22"
2023,"MA","25","American Indian/Alaska Native",1526,"25"
2023,"MA","25","Asian or Pacific Islander",52406,"25"
2023,"MA","25","Black",65050,"25"
2023,"MA","25","Hispanic",121982,"25"
2023,"MA","25","White",391694,"25"
2023,"MD","24","American Indian/Alaska Native",1718,"24"
2023,"MD","24","Asian or Pacific Islander",47410,"24"
2023,"MD","24","Black",207920,"24"
2023,"MD","24","Hispanic",114053,"24"
2023,"MD","24","White",263119,"24"
2023,"ME","23","American Indian/Alaska Native",1092,"23"
2023,"ME","23","Asian or Pacific Islander",2066,"23"
2023,"ME","23","Black",5022,"23"
2023,"ME","23","Hispanic",4316,"23"
2023,"ME","23","White",106608,"23"
2023,"MI","26","American Indian/Alaska Native",7643,"26"
2023,"MI","26","Asian or Pacific Islander",39569,"26"
2023,"MI","26","Black",176746,"26"
2023,"MI","26","Hispanic",93266,"26"
2023,"MI","26","White",678185,"26"
2023,"MN","27","American Indian/Alaska Native",9865,"27"
2023,"MN","27","Asian or Pacific Islander",42508,"27"
2023,"MN","27","Black",76720,"27"
2023,"MN","27","Hispanic",61270,"27"
2023,"MN","27","White",418958,"27"
2023,"MO","29","American Indian/Alaska Native",3389,"29"
2023,"MO","29","Asian or Pacific Islander",17240,"29"
2023,"MO","29","Black",95731,"29"
2023,"MO","29","Hispanic",51448,"29"
2023,"MO","29","White",474418,"29"
2023,"MS","28","American Indian/Alaska Native",2017,"28"
2023,"MS","28","Asian or Pacific Islander",3985,"28"
2023,"MS","28","Black",136889,"28"
2023,"MS","28","Hispanic",17810,"28"
2023,"MS","28","White",161961,"28"
2023,"MT","30","American Indian/Alaska Native",11072,"30"
2023,"MT","30","Asian or Pacific Islander",1453,"30"
2023,"MT","30","Black",1645,"30"
2023,"MT","30","Hispanic",7301,"30"
2023,"MT","30","White",90547,"30"
2023,"NC","37","American Indian/Alaska Native",12404,"37"
2023,"NC","37","Asian or Pacific Islander",44738,"37"
2023,"NC","37","Black",263700,"37"
2023,"NC","37","Hispanic",201192,"37"
2023,"NC","37","White",569134,"37"
2023,"ND","38","American Indian/Alaska Native",6493,"38"
2023,"ND","38","Asian or Pacific Islander",1434,"38"
2023,"ND","38","Black",4320,"38"
2023,"ND","38","Hispanic",5345,"38"
2023,"ND","38","White",64457,"38"
2023,"NE","31","American Indian/Alaska Native",2564,"31"
2023,"NE","31","Asian or Pacific Islander",6964,"31"
2023,"NE","31","Black",17318,"31"
2023,"NE","31","Hispanic",41839,"31"
2023,"NE","31","White",153810,"31"
2023,"NH","33","American Indian/Alaska Native",315,"33"
2023,"NH","33","Asian or Pacific Islander",4867,"33"
2023,"NH","33","Black",3461,"33"
2023,"NH","33","Hispanic",9156,"33"
2023,"NH","33","White",103882,"33"
2023,"NJ","34","American Indian/Alaska Native",2202,"34"
2023,"NJ","34","Asian or Pacific Islander",100507,"34"
2023,"NJ","34","Black",136206,"34"
2023,"NJ","34","Hispanic",268300,"34"
2023,"NJ","34","White",430977,"34"
2023,"NM","35","American Indian/Alaska Native",24883,"35"
2023,"NM","35","Asian or Pacific Islander",3722,"35"
2023,"NM","35","Black",5907,"35"
2023,"NM","35","Hispanic",131168,"35"
2023,"NM","35","White",55334,"35"
2023,"NV","32","American Indian/Alaska Native",3035,"32"
2023,"NV","32","Asian or Pacific Islander",27814,"32"
2023,"NV","32","Black",43237,"32"
2023,"NV","32","Hispanic",132312,"32"
2023,"NV","32","White",117823,"32"
2023,"NY","36","American Indian/Alaska Native",7818,"36"
2023,"NY","36","Asian or Pacific Islander",165793,"36"
2023,"NY","36","Black",293535,"36"
2023,"NY","36","Hispanic",453459,"36"
2023,"NY","36","White",900487,"36"
2023,"OH","39","American Indian/Alaska Native",2786,"39"
2023,"OH","39","Asian or Pacific Islander",37295,"39"
2023,"OH","39","Black",213216,"39"
2023,"OH","39","Hispanic",87308,"39"
2023,"OH","39","White",861864,"39"
2023,"OK","40","American Indian/Alaska Native",50738,"40"
2023,"OK","40","Asian or Pacific Islander",13607,"40"
2023,"OK","40","Black",46480,"40"
2023,"OK","40","Hispanic",86345,"40"
2023,"OK","40","White",255059,"40"
2023,"OR","41","American Indian/Alaska Native",5676,"41"
2023,"OR","41","Asian or Pacific Islander",23091,"41"
2023,"OR","41","Black",15120,"41"
2023,"OR","41","Hispanic",94303,"41"
2023,"OR","41","White",261188,"41"
2023,"PA","42","American Indian/Alaska Native",2283,"42"
2023,"PA","42","Asian or Pacific Islander",57193,"42"
2023,"PA","42","Black",180701,"42"
2023,"PA","42","Hispanic",167887,"42"
2023,"PA","42","White",828692,"42"
2023,"RI","44","American Indian/Alaska Native",602,"44"
2023,"RI","44","Asian or Pacific Islander",3876,"44"
2023,"RI","44","Black",9189,"44"
2023,"RI","44","Hispanic",25946,"44"
2023,"RI","44","White",55666,"44"
2023,"SC","45","American Indian/Alaska Native",1911,"45"
2023,"SC","45","Asian or Pacific Islander",12062,"45"
2023,"SC","45","Black",163873,"45"
2023,"SC","45","Hispanic",61467,"45"
2023,"SC","45","White",300132,"45"
2023,"SD","46","American Indian/Alaska Native",12436,"46"
2023,"SD","46","Asian or Pacific Islander",1882,"46"
2023,"SD","46","Black",4702,"46"
2023,"SD","46","Hispanic",7445,"46"
2023,"SD","46","White",75159,"46"
2023,"TN","47","American Indian/Alaska Native",1765,"47"
2023,"TN","47","Asian or Pacific Islander",16651,"47"
2023,"TN","47","Black",141673,"47"
2023,"TN","47","Hispanic",88744,"47"
2023,"TN","47","White",477624,"47"
2023,"TX","48","American Indian/Alaska Native",10508,"48"
2023,"TX","48","Asian or Pacific Islander",192027,"48"
2023,"TX","48","Black",469814,"48"
2023,"TX","48","Hispanic",1702015,"48"
2023,"TX","48","White",1141582,"48"
2023,"UT","49","American Indian/Alaska Native",4249,"49"
2023,"UT","49","Asian or Pacific Islander",15480,"49"
2023,"UT","49","Black",8646,"49"
2023,"UT","49","Hispanic",85073,"49"
2023,"UT","49","White",333352,"49"
2023,"VA","51","American Indian/Alaska Native",2223,"51"
2023,"VA","51","Asian or Pacific Islander",71336,"51"
2023,"VA","51","Black",189883,"51"
2023,"VA","51","Hispanic",135303,"51"
2023,"VA","51","White",473837,"51"
2023,"VT","50","American Indian/Alaska Native",247,"50"
2023,"VT","50","Asian or Pacific Islander",1481,"50"
2023,"VT","50","Black",1688,"50"
2023,"VT","50","Hispanic",1990,"50"
2023,"VT","50","White",50234,"50"
2023,"WA","53","American Indian/Alaska Native",12400,"53"
2023,"WA","53","Asian or Pacific Islander",82828,"53"
2023,"WA","53","Black",51374,"53"
2023,"WA","53","Hispanic",178165,"53"
2023,"WA","53","White",440396,"53"
2023,"WI","55","American Indian/Alaska Native",7298,"55"
2023,"WI","55","Asian or Pacific Islander",26023,"55"
2023,"WI","55","Black",59895,"55"
2023,"WI","55","Hispanic",80192,"55"
2023,"WI","55","White",422814,"55"
2023,"WV","54","American Indian/Alaska Native",272,"54"
2023,"WV","54","Asian or Pacific Islander",1556,"54"
2023,"WV","54","Black",8968,"54"
2023,"WV","54","Hispanic",5544,"54"
2023,"WV","54","White",152388,"54"
2023,"WY","56","American Indian/Alaska Native",1924,"56"
2023,"WY","56","Asian or Pacific Islander",600,"56"
2023,"WY","56","Black",1128,"56"
2023,"WY","56","Hispanic",9338,"56"
2023,"WY","56","White",50139,"56"
